"Reference","Qty","Value","DNP","Exclude from BOM","Exclude from Board","Footprint","Datasheet","MF","Package","Price"
"C1,C4","2","100uF","","","","Capacitor_SMD:C_0805_2012Metric","","","",""
"C2,C5","2","10uF","","","","Capacitor_SMD:C_0805_2012Metric","","","",""
"C3,C6","2","100nF","","","","Capacitor_SMD:C_0805_2012Metric","","","",""
"IC1,IC2","2","E22-900M22S","","","","01-Custom:E22-900M22S","","EBYTE","Package","None"
"J1","1","SBUS Out","","","","Connector_PinHeader_2.54mm:PinHeader_1x03_P2.54mm_Vertical","","","",""
"J2","1","PWM1","","","","Connector_PinHeader_2.54mm:PinHeader_1x03_P2.54mm_Vertical","","","",""
"J3","1","PWM2","","","","Connector_PinHeader_2.54mm:PinHeader_1x03_P2.54mm_Vertical","","","",""
"J4","1","PWM3","","","","Connector_PinHeader_2.54mm:PinHeader_1x03_P2.54mm_Vertical","","","",""
"J6","1","Maestro","","","","Connector_PinHeader_2.54mm:PinHeader_1x04_P2.54mm_Vertical","","","",""
"J7","1","Serial1","","","","Connector_PinHeader_2.54mm:PinHeader_1x04_P2.54mm_Vertical","","","",""
"J8","1","Serial2","","","","Connector_PinHeader_2.54mm:PinHeader_1x04_P2.54mm_Vertical","","","",""
"J10","1","Screw_Terminal_01x02","","","","TerminalBlock_CUI:TerminalBlock_CUI_TB007-508-02_1x02_P5.08mm_Horizontal","","","",""
"J11","1","SBUS In","","","","Connector_PinHeader_2.54mm:PinHeader_1x03_P2.54mm_Vertical","","","",""
"J12,J13","2","SMA","","","","Connector_Coaxial:SMA_Amphenol_132134_Vertical","","","",""
"U1","1","ESP32-S3-DevKitC-1-N16R8","","","","01-Custom:ESP32-S3DevKit-Multi","","","",""
"U2","1","D24V550F5_Step_Down_Regulator","","","","01-Custom:D24V50F5_Step_Down_Regulator","","","",""
